"352x640 11 persons, 2 backpacks, 1 handbag, 1 suitcase, 21 chairs,"
"352x640 11 persons, 2 backpacks, 1 handbag, 1 suitcase, 20 chairs,"
"352x640 10 persons, 2 backpacks, 1 handbag, 1 suitcase, 20 chairs,"
"352x640 11 persons, 2 backpacks, 1 handbag, 1 suitcase, 19 chairs,"
"352x640 10 persons, 2 backpacks, 1 handbag, 1 suitcase, 19 chairs,"
"352x640 10 persons, 3 backpacks, 1 handbag, 1 suitcase, 19 chairs,"
"352x640 10 persons, 3 backpacks, 1 handbag, 1 suitcase, 19 chairs,"
"352x640 10 persons, 3 backpacks, 1 handbag, 1 suitcase, 19 chairs,"
"352x640 10 persons, 3 backpacks, 1 handbag, 1 suitcase, 19 chairs,"
"352x640 10 persons, 3 backpacks, 1 handbag, 1 suitcase, 19 chairs,"
"352x640 11 persons, 3 backpacks, 1 handbag, 1 suitcase, 19 chairs,"
"352x640 10 persons, 3 backpacks, 1 handbag, 1 suitcase, 19 chairs,"
"352x640 10 persons, 3 backpacks, 1 handbag, 1 suitcase, 18 chairs,"
"352x640 10 persons, 3 backpacks, 1 handbag, 1 suitcase, 17 chairs, 1 laptop,"
"352x640 11 persons, 3 backpacks, 1 handbag, 1 suitcase, 18 chairs, 1 laptop,"
"352x640 11 persons, 3 backpacks, 1 handbag, 1 suitcase, 16 chairs, 1 laptop,"
"352x640 11 persons, 3 backpacks, 1 handbag, 1 suitcase, 15 chairs, 1 laptop,"
"352x640 11 persons, 3 backpacks, 1 handbag, 1 suitcase, 15 chairs, 1 laptop,"
"352x640 11 persons, 3 backpacks, 1 handbag, 1 suitcase, 15 chairs, 1 laptop,"
"352x640 11 persons, 3 backpacks, 1 handbag, 1 suitcase, 15 chairs, 1 laptop,"
"352x640 11 persons, 4 backpacks, 1 handbag, 1 suitcase, 14 chairs, 1 laptop,"
"352x640 11 persons, 4 backpacks, 1 handbag, 1 suitcase, 15 chairs, 1 laptop,"
"352x640 11 persons, 4 backpacks, 1 handbag, 1 suitcase, 13 chairs, 1 laptop,"
"352x640 11 persons, 3 backpacks, 1 handbag, 1 suitcase, 15 chairs,"
"352x640 11 persons, 3 backpacks, 1 handbag, 2 suitcases, 15 chairs,"
"352x640 11 persons, 3 backpacks, 1 handbag, 2 suitcases, 15 chairs, 1 laptop,"
"352x640 11 persons, 3 backpacks, 1 handbag, 2 suitcases, 15 chairs,"
"352x640 10 persons, 3 backpacks, 1 handbag, 2 suitcases, 15 chairs, 1 laptop,"
"352x640 11 persons, 3 backpacks, 1 handbag, 2 suitcases, 15 chairs,"
"352x640 11 persons, 3 backpacks, 1 handbag, 1 suitcase, 15 chairs,"
"352x640 11 persons, 3 backpacks, 1 handbag, 1 suitcase, 15 chairs,"
"352x640 12 persons, 3 backpacks, 1 handbag, 2 suitcases, 14 chairs,"
"352x640 11 persons, 3 backpacks, 1 handbag, 2 suitcases, 14 chairs,"
"352x640 11 persons, 3 backpacks, 1 handbag, 2 suitcases, 14 chairs,"
"352x640 11 persons, 3 backpacks, 1 handbag, 2 suitcases, 13 chairs,"
"352x640 11 persons, 3 backpacks, 1 handbag, 2 suitcases, 15 chairs,"
"352x640 9 persons, 3 backpacks, 1 handbag, 2 suitcases, 14 chairs,"
"352x640 9 persons, 3 backpacks, 1 handbag, 2 suitcases, 13 chairs,"
"352x640 10 persons, 3 backpacks, 1 handbag, 1 suitcase, 14 chairs,"
"352x640 9 persons, 3 backpacks, 1 handbag, 1 suitcase, 13 chairs,"
"352x640 8 persons, 3 backpacks, 1 handbag, 1 suitcase, 16 chairs,"
"352x640 9 persons, 3 backpacks, 1 handbag, 1 suitcase, 15 chairs,"
"352x640 10 persons, 3 backpacks, 1 handbag, 1 suitcase, 15 chairs,"
"352x640 9 persons, 3 backpacks, 1 handbag, 1 suitcase, 15 chairs,"
"352x640 9 persons, 3 backpacks, 1 handbag, 1 suitcase, 14 chairs,"
"352x640 10 persons, 3 backpacks, 1 handbag, 1 suitcase, 14 chairs,"
"352x640 10 persons, 3 backpacks, 1 handbag, 1 suitcase, 14 chairs,"
"352x640 9 persons, 3 backpacks, 1 handbag, 1 suitcase, 14 chairs,"
"352x640 10 persons, 3 backpacks, 1 handbag, 2 suitcases, 15 chairs,"
"352x640 10 persons, 3 backpacks, 1 handbag, 2 suitcases, 15 chairs,"
"352x640 10 persons, 3 backpacks, 1 handbag, 1 suitcase, 15 chairs,"
"352x640 12 persons, 3 backpacks, 1 handbag, 1 suitcase, 16 chairs, 1 book,"
"352x640 13 persons, 3 backpacks, 1 handbag, 1 suitcase, 18 chairs, 1 book,"
"352x640 13 persons, 2 backpacks, 1 handbag, 1 suitcase, 18 chairs,"
"352x640 12 persons, 2 backpacks, 1 handbag, 1 suitcase, 19 chairs,"
"352x640 11 persons, 2 backpacks, 1 handbag, 18 chairs,"
"352x640 12 persons, 2 backpacks, 1 handbag, 18 chairs,"
"352x640 12 persons, 2 backpacks, 1 handbag, 20 chairs,"
"352x640 13 persons, 2 backpacks, 2 handbags, 19 chairs,"
"352x640 13 persons, 2 backpacks, 2 handbags, 1 suitcase, 19 chairs,"
"352x640 14 persons, 2 backpacks, 2 handbags, 19 chairs,"
"352x640 14 persons, 2 backpacks, 1 handbag, 18 chairs,"
"352x640 13 persons, 2 backpacks, 1 handbag, 19 chairs,"
"352x640 13 persons, 2 backpacks, 1 handbag, 18 chairs,"
"352x640 12 persons, 2 backpacks, 1 handbag, 18 chairs,"
"352x640 11 persons, 2 backpacks, 1 handbag, 18 chairs,"
"352x640 11 persons, 2 backpacks, 1 handbag, 19 chairs,"
"352x640 11 persons, 2 backpacks, 1 handbag, 18 chairs,"
"352x640 11 persons, 3 backpacks, 1 handbag, 18 chairs,"
"352x640 11 persons, 3 backpacks, 1 handbag, 18 chairs,"
"352x640 12 persons, 3 backpacks, 1 handbag, 18 chairs,"
"352x640 13 persons, 2 backpacks, 1 handbag, 18 chairs,"
"352x640 13 persons, 1 dog, 2 backpacks, 1 handbag, 19 chairs,"
"352x640 14 persons, 2 backpacks, 1 handbag, 18 chairs,"
"352x640 12 persons, 2 backpacks, 2 handbags, 18 chairs,"
"352x640 14 persons, 3 backpacks, 2 handbags, 18 chairs,"
"352x640 13 persons, 3 backpacks, 2 handbags, 17 chairs,"
"352x640 14 persons, 3 backpacks, 2 handbags, 17 chairs,"
"352x640 13 persons, 3 backpacks, 2 handbags, 16 chairs,"
"352x640 13 persons, 3 backpacks, 1 handbag, 16 chairs,"
"352x640 12 persons, 3 backpacks, 1 handbag, 16 chairs,"
"352x640 13 persons, 3 backpacks, 2 handbags, 18 chairs, 1 book,"
"352x640 13 persons, 3 backpacks, 2 handbags, 18 chairs,"
"352x640 13 persons, 3 backpacks, 2 handbags, 17 chairs,"
"352x640 13 persons, 3 backpacks, 2 handbags, 18 chairs,"
"352x640 13 persons, 3 backpacks, 2 handbags, 18 chairs,"
"352x640 13 persons, 3 backpacks, 2 handbags, 18 chairs,"
"352x640 13 persons, 3 backpacks, 1 handbag, 16 chairs,"
"352x640 13 persons, 3 backpacks, 1 handbag, 17 chairs,"
"352x640 13 persons, 3 backpacks, 1 handbag, 17 chairs,"
"352x640 13 persons, 3 backpacks, 1 handbag, 18 chairs,"
"352x640 13 persons, 3 backpacks, 1 handbag, 17 chairs,"
"352x640 13 persons, 2 backpacks, 2 handbags, 18 chairs,"
"352x640 13 persons, 2 backpacks, 2 handbags, 19 chairs,"
"352x640 13 persons, 3 backpacks, 2 handbags, 18 chairs,"
"352x640 13 persons, 2 backpacks, 2 handbags, 16 chairs,"
"352x640 13 persons, 3 backpacks, 1 handbag, 15 chairs,"
"352x640 13 persons, 3 backpacks, 1 handbag, 15 chairs,"
"352x640 13 persons, 2 backpacks, 1 handbag, 14 chairs,"
"352x640 14 persons, 2 backpacks, 1 handbag, 13 chairs,"
"352x640 14 persons, 2 backpacks, 1 handbag, 14 chairs,"
"352x640 14 persons, 2 backpacks, 1 handbag, 14 chairs,"
"352x640 14 persons, 2 backpacks, 2 handbags, 14 chairs,"
"352x640 13 persons, 2 backpacks, 2 handbags, 15 chairs,"
"352x640 14 persons, 2 backpacks, 2 handbags, 13 chairs,"
"352x640 14 persons, 2 backpacks, 2 handbags, 14 chairs,"
"352x640 13 persons, 2 backpacks, 2 handbags, 14 chairs,"
"352x640 13 persons, 2 backpacks, 2 handbags, 14 chairs,"
"352x640 13 persons, 2 backpacks, 2 handbags, 13 chairs,"
"352x640 13 persons, 2 backpacks, 2 handbags, 13 chairs,"
"352x640 13 persons, 2 backpacks, 2 handbags, 14 chairs,"
"352x640 13 persons, 2 backpacks, 2 handbags, 13 chairs,"
"352x640 13 persons, 2 backpacks, 2 handbags, 14 chairs,"
"352x640 13 persons, 2 backpacks, 2 handbags, 14 chairs,"
"352x640 13 persons, 2 backpacks, 2 handbags, 15 chairs,"
"352x640 13 persons, 2 backpacks, 2 handbags, 15 chairs, 1 dining table,"
"352x640 13 persons, 2 backpacks, 2 handbags, 15 chairs,"
"352x640 12 persons, 2 backpacks, 2 handbags, 15 chairs,"
"352x640 12 persons, 2 backpacks, 2 handbags, 14 chairs,"
"352x640 12 persons, 2 backpacks, 2 handbags, 15 chairs,"
"352x640 12 persons, 2 backpacks, 2 handbags, 16 chairs,"
"352x640 12 persons, 2 backpacks, 1 handbag, 16 chairs,"
"352x640 12 persons, 2 backpacks, 1 handbag, 16 chairs,"
"352x640 13 persons, 2 backpacks, 1 handbag, 17 chairs,"
"352x640 13 persons, 2 backpacks, 1 handbag, 14 chairs,"
"352x640 14 persons, 2 backpacks, 1 handbag, 15 chairs,"
"352x640 14 persons, 2 backpacks, 1 handbag, 15 chairs,"
"352x640 13 persons, 2 backpacks, 1 handbag, 16 chairs,"
"352x640 13 persons, 2 backpacks, 1 handbag, 17 chairs,"
"352x640 13 persons, 2 backpacks, 1 handbag, 17 chairs,"
"352x640 13 persons, 2 backpacks, 1 handbag, 16 chairs,"
"352x640 13 persons, 2 backpacks, 1 handbag, 16 chairs, 2 books,"
"352x640 14 persons, 2 backpacks, 1 handbag, 16 chairs, 1 book,"
"352x640 14 persons, 2 backpacks, 1 handbag, 16 chairs, 1 book,"
"352x640 14 persons, 2 backpacks, 1 handbag, 14 chairs, 2 books,"
"352x640 14 persons, 2 backpacks, 1 handbag, 14 chairs, 1 book,"
"352x640 14 persons, 2 backpacks, 1 handbag, 14 chairs, 1 book,"
"352x640 14 persons, 2 backpacks, 1 handbag, 14 chairs, 1 book,"
"352x640 14 persons, 2 backpacks, 1 handbag, 14 chairs, 2 books,"
"352x640 14 persons, 2 backpacks, 1 handbag, 14 chairs, 2 books,"
"352x640 13 persons, 2 backpacks, 1 handbag, 15 chairs, 1 laptop, 2 books,"
"352x640 13 persons, 2 backpacks, 1 handbag, 15 chairs, 1 laptop, 2 books,"
"352x640 12 persons, 2 backpacks, 1 handbag, 14 chairs, 1 laptop, 2 books,"
"352x640 12 persons, 2 backpacks, 1 handbag, 15 chairs, 1 laptop, 2 books,"
"352x640 13 persons, 2 backpacks, 1 handbag, 15 chairs, 1 laptop, 2 books,"
"352x640 13 persons, 2 backpacks, 1 handbag, 14 chairs, 1 laptop, 2 books,"
"352x640 13 persons, 2 backpacks, 1 handbag, 14 chairs, 1 laptop, 1 book,"
"352x640 14 persons, 2 backpacks, 1 handbag, 14 chairs, 1 laptop, 2 books,"
"352x640 14 persons, 2 backpacks, 1 handbag, 15 chairs, 1 laptop, 1 book,"
"352x640 14 persons, 2 backpacks, 1 handbag, 16 chairs, 1 laptop, 2 books,"
"352x640 14 persons, 2 backpacks, 1 handbag, 16 chairs, 1 laptop, 2 books,"
"352x640 15 persons, 2 backpacks, 1 handbag, 14 chairs, 1 laptop, 2 books,"
"352x640 15 persons, 2 backpacks, 1 handbag, 15 chairs, 1 laptop, 2 books,"
"352x640 15 persons, 2 backpacks, 1 handbag, 15 chairs, 1 laptop, 2 books,"
"352x640 15 persons, 2 backpacks, 1 handbag, 15 chairs, 1 laptop, 2 books,"
"352x640 15 persons, 2 backpacks, 1 handbag, 15 chairs, 1 laptop, 2 books,"
"352x640 15 persons, 3 backpacks, 1 handbag, 14 chairs, 1 laptop, 2 books,"
"352x640 15 persons, 3 backpacks, 1 handbag, 13 chairs, 1 laptop, 2 books,"
"352x640 15 persons, 2 backpacks, 1 handbag, 12 chairs, 1 laptop, 2 books,"
"352x640 15 persons, 3 backpacks, 1 handbag, 13 chairs, 1 laptop, 2 books,"
"352x640 15 persons, 3 backpacks, 1 handbag, 13 chairs, 1 laptop, 2 books,"
"352x640 14 persons, 2 backpacks, 1 handbag, 14 chairs, 1 book,"
"352x640 14 persons, 2 backpacks, 1 handbag, 14 chairs, 1 book,"
"352x640 14 persons, 2 backpacks, 1 handbag, 14 chairs, 1 laptop, 1 book,"
"352x640 14 persons, 2 backpacks, 1 handbag, 14 chairs, 1 laptop, 2 books,"
"352x640 14 persons, 2 backpacks, 1 handbag, 15 chairs, 1 laptop, 2 books,"
"352x640 13 persons, 3 backpacks, 1 handbag, 13 chairs, 1 laptop, 2 books,"
"352x640 13 persons, 3 backpacks, 1 handbag, 12 chairs, 1 laptop, 2 books,"
"352x640 12 persons, 3 backpacks, 1 handbag, 12 chairs, 2 books,"
"352x640 12 persons, 3 backpacks, 1 handbag, 14 chairs, 2 books,"
"352x640 12 persons, 3 backpacks, 1 handbag, 15 chairs, 2 books,"
"352x640 12 persons, 2 backpacks, 1 handbag, 14 chairs, 2 books,"
"352x640 13 persons, 2 backpacks, 1 handbag, 14 chairs, 2 books,"
"352x640 13 persons, 2 backpacks, 1 handbag, 14 chairs, 2 books,"
"352x640 12 persons, 2 backpacks, 1 handbag, 14 chairs, 2 books,"
"352x640 12 persons, 2 backpacks, 1 handbag, 13 chairs, 1 laptop, 2 books,"
"352x640 12 persons, 2 backpacks, 1 handbag, 13 chairs, 1 laptop, 2 books,"
"352x640 12 persons, 3 backpacks, 1 handbag, 12 chairs, 1 laptop, 2 books,"
"352x640 14 persons, 2 backpacks, 1 handbag, 12 chairs, 1 laptop, 2 books,"
"352x640 12 persons, 2 backpacks, 1 handbag, 14 chairs, 1 laptop, 2 books,"
"352x640 13 persons, 2 backpacks, 1 handbag, 14 chairs, 1 laptop, 2 books,"
"352x640 13 persons, 2 backpacks, 1 handbag, 14 chairs, 1 laptop, 2 books,"
"352x640 13 persons, 2 backpacks, 1 handbag, 12 chairs, 1 laptop, 2 books,"
"352x640 13 persons, 2 backpacks, 1 handbag, 12 chairs, 1 laptop, 2 books,"
"352x640 13 persons, 2 backpacks, 1 handbag, 12 chairs, 1 laptop, 2 books,"
"352x640 13 persons, 2 backpacks, 1 handbag, 12 chairs, 1 laptop, 1 book,"
"352x640 14 persons, 2 backpacks, 1 handbag, 13 chairs, 1 laptop, 1 book,"
"352x640 15 persons, 2 backpacks, 1 handbag, 12 chairs, 1 laptop, 1 book,"
"352x640 13 persons, 2 backpacks, 1 handbag, 14 chairs, 1 laptop, 1 book,"
"352x640 14 persons, 2 backpacks, 1 handbag, 15 chairs, 1 laptop, 1 book,"
"352x640 14 persons, 2 backpacks, 1 handbag, 14 chairs, 1 laptop, 1 book,"
"352x640 14 persons, 2 backpacks, 1 handbag, 13 chairs, 1 laptop, 1 book,"
"352x640 14 persons, 2 backpacks, 1 handbag, 13 chairs, 1 laptop, 1 book,"
"352x640 13 persons, 2 backpacks, 1 handbag, 13 chairs, 1 laptop, 1 book,"
"352x640 13 persons, 2 backpacks, 1 handbag, 13 chairs, 1 laptop, 1 book,"
"352x640 13 persons, 2 backpacks, 1 handbag, 13 chairs, 1 laptop, 1 book,"
"352x640 15 persons, 2 backpacks, 1 handbag, 12 chairs, 1 laptop, 1 book,"
"352x640 15 persons, 2 backpacks, 1 handbag, 13 chairs, 1 laptop, 1 book,"
"352x640 15 persons, 2 backpacks, 1 handbag, 12 chairs, 1 laptop, 1 book,"
"352x640 15 persons, 2 backpacks, 1 handbag, 13 chairs, 1 laptop, 1 book,"
"352x640 15 persons, 2 backpacks, 1 handbag, 13 chairs, 1 book,"
"352x640 15 persons, 2 backpacks, 1 handbag, 16 chairs, 1 book,"
"352x640 14 persons, 2 backpacks, 1 handbag, 16 chairs, 1 laptop,"
"352x640 14 persons, 2 backpacks, 1 handbag, 15 chairs,"
"352x640 14 persons, 2 backpacks, 1 handbag, 13 chairs,"
"352x640 13 persons, 1 dog, 2 backpacks, 1 handbag, 15 chairs,"
"352x640 15 persons, 2 backpacks, 1 handbag, 13 chairs,"
"352x640 15 persons, 2 backpacks, 1 handbag, 13 chairs,"
"352x640 13 persons, 2 backpacks, 1 handbag, 13 chairs,"
"352x640 13 persons, 1 dog, 2 backpacks, 1 handbag, 13 chairs,"
"352x640 13 persons, 1 dog, 2 backpacks, 1 handbag, 1 tie, 13 chairs,"
"352x640 14 persons, 1 dog, 2 backpacks, 1 handbag, 1 tie, 15 chairs,"
"352x640 13 persons, 1 dog, 2 backpacks, 1 handbag, 16 chairs,"
"352x640 13 persons, 1 dog, 2 backpacks, 1 handbag, 15 chairs,"
"352x640 13 persons, 1 dog, 2 backpacks, 1 handbag, 13 chairs,"
"352x640 13 persons, 1 dog, 2 backpacks, 1 handbag, 13 chairs,"
"352x640 13 persons, 1 dog, 2 backpacks, 1 handbag, 13 chairs, 1 book,"
"352x640 13 persons, 1 dog, 2 backpacks, 1 handbag, 13 chairs,"
"352x640 14 persons, 1 dog, 2 backpacks, 1 handbag, 13 chairs, 1 book,"
